Name,TermBeginDate,TermEndDate,Officier
Marriner S. Eccles,"Feb. 1, 1936","Jan. 31, 1948",Chair
Thomas B. McCabe,"Apr. 15, 1948","Mar. 31, 1951",Chair
"Wm. McC. Martin, Jr","Apr. 2, 1951","Jan. 31, 1970",Chair
Arthur F. Burns,"Feb. 1, 1970","Jan. 31, 1978",Chair
G. William Miller,"Mar. 8, 1978","Aug. 6, 1979",Chair
Paul A. Volcker,"Aug. 6, 1979","Aug. 11, 1987",Chair
Alan Greenspan,"Aug. 11, 1987","Jan. 31, 2006",Chair
Ben S. Bernanke,"Feb. 1, 2006","Jan. 31, 2014",Chair
Janet L. Yellen,"Feb. 3, 2014","Feb. 3, 2018",Chair
Jerome H. Powell,"Feb. 5, 2018",,Chair
